{"entities":{"pages":{"Home":{"id":"Home","title":"RType Game Engine Documentation","url":"home.html","level":0,"pages":["CONTRIBUTING","ImGui","Entity-Component-System","Default-System","Application","Application-with-a-sprite-renderer","Server","Client","Game-Engine"],"tabIndex":0},"CONTRIBUTING":{"id":"CONTRIBUTING","title":"Contributing","url":"contributing.html","level":1,"parentId":"Home","pages":["CODE-OF-CONDUCT"],"tabIndex":0},"CODE-OF-CONDUCT":{"id":"CODE-OF-CONDUCT","title":"Contributor Code of Conduct","url":"code-of-conduct.html","level":2,"parentId":"CONTRIBUTING","tabIndex":0},"ImGui":{"id":"ImGui","title":"ImGui Docking","url":"imgui.html","level":1,"parentId":"Home","tabIndex":1},"Entity-Component-System":{"id":"Entity-Component-System","title":"Entity-Component-System","url":"entity-component-system.html","level":1,"parentId":"Home","tabIndex":2},"Default-System":{"id":"Default-System","title":"How to use the default system give by the game engine","url":"default-system.html","level":1,"parentId":"Home","tabIndex":3},"Application":{"id":"Application","title":"Application example with Exodia Game Engine","url":"application.html","level":1,"parentId":"Home","tabIndex":4},"Application-with-a-sprite-renderer":{"id":"Application-with-a-sprite-renderer","title":"Application Manipulating Textures with Exodia Game Engine Description","url":"application-with-a-sprite-renderer.html","level":1,"parentId":"Home","tabIndex":5},"Server":{"id":"Server","title":"Server","url":"server.html","level":1,"parentId":"Home","tabIndex":6},"Client":{"id":"Client","title":"Client","url":"client.html","level":1,"parentId":"Home","tabIndex":7},"Game-Engine":{"id":"Game-Engine","title":"Game Engine","url":"game-engine.html","level":1,"parentId":"Home","pages":["Exodia","Network","Platform","Utils","Systems","Components"],"tabIndex":8},"Exodia":{"id":"Exodia","title":"Exodia","url":"exodia.html","level":2,"parentId":"Game-Engine","pages":["ECS","Debug","Core","Asset"],"tabIndex":0},"ECS":{"id":"ECS","title":"ECS","url":"ecs.html","level":3,"parentId":"Exodia","pages":["Entity","Component"],"tabIndex":0},"Entity":{"id":"Entity","title":"Entity","url":"entity.html","level":4,"parentId":"ECS","tabIndex":0},"Component":{"id":"Component","title":"Component","url":"component.html","level":4,"parentId":"ECS","tabIndex":1},"Debug":{"id":"Debug","title":"Debug","url":"debug.html","level":3,"parentId":"Exodia","pages":["Profiling","Logger"],"tabIndex":1},"Profiling":{"id":"Profiling","title":"Profiling","url":"profiling.html","level":4,"parentId":"Debug","tabIndex":0},"Logger":{"id":"Logger","title":"Logger","url":"logger.html","level":4,"parentId":"Debug","tabIndex":1},"Core":{"id":"Core","title":"Core","url":"core.html","level":3,"parentId":"Exodia","pages":["Time","Layer","Key","ID","Buffer","ApplicationCore"],"tabIndex":2},"Time":{"id":"Time","title":"Time","url":"time.html","level":4,"parentId":"Core","tabIndex":0},"Layer":{"id":"Layer","title":"Layer","url":"layer.html","level":4,"parentId":"Core","tabIndex":1},"Key":{"id":"Key","title":"Key","url":"key.html","level":4,"parentId":"Core","tabIndex":2},"ID":{"id":"ID","title":"ID","url":"id.html","level":4,"parentId":"Core","tabIndex":3},"Buffer":{"id":"Buffer","title":"Buffer","url":"buffer.html","level":4,"parentId":"Core","tabIndex":4},"ApplicationCore":{"id":"ApplicationCore","title":"Application","url":"applicationcore.html","level":4,"parentId":"Core","tabIndex":5},"Asset":{"id":"Asset","title":"Asset","url":"asset.html","level":3,"parentId":"Exodia","pages":["AsssetUtils","Manager","Importer"],"tabIndex":3},"AsssetUtils":{"id":"AsssetUtils","title":"Utils","url":"asssetutils.html","level":4,"parentId":"Asset","tabIndex":0},"Manager":{"id":"Manager","title":"Manager","url":"manager.html","level":4,"parentId":"Asset","tabIndex":1},"Importer":{"id":"Importer","title":"Importer","url":"importer.html","level":4,"parentId":"Asset","tabIndex":2},"Network":{"id":"Network","title":"Network","url":"network.html","level":2,"parentId":"Game-Engine","pages":["UDPSocket","Packet","IOContextManager","Header","Connection"],"tabIndex":1},"UDPSocket":{"id":"UDPSocket","title":"UDPSocket","url":"udpsocket.html","level":3,"parentId":"Network","tabIndex":0},"Packet":{"id":"Packet","title":"Packet","url":"packet.html","level":3,"parentId":"Network","tabIndex":1},"IOContextManager":{"id":"IOContextManager","title":"IOContextManager","url":"iocontextmanager.html","level":3,"parentId":"Network","tabIndex":2},"Header":{"id":"Header","title":"Header","url":"header.html","level":3,"parentId":"Network","tabIndex":3},"Connection":{"id":"Connection","title":"Connection","url":"connection.html","level":3,"parentId":"Network","tabIndex":4},"Platform":{"id":"Platform","title":"Platform","url":"platform.html","level":2,"parentId":"Game-Engine","pages":["Windows","OpenGL"],"tabIndex":2},"Windows":{"id":"Windows","title":"Windows","url":"windows.html","level":3,"parentId":"Platform","pages":["WindowsFileDialog","WindowsInput","WindowsPlatformUtils","WindowsWindow"],"tabIndex":0},"WindowsFileDialog":{"id":"WindowsFileDialog","title":"WindowsFileDialog","url":"windowsfiledialog.html","level":4,"parentId":"Windows","tabIndex":0},"WindowsInput":{"id":"WindowsInput","title":"WindowsInput","url":"windowsinput.html","level":4,"parentId":"Windows","tabIndex":1},"WindowsPlatformUtils":{"id":"WindowsPlatformUtils","title":"WindowsPlatformUtils","url":"windowsplatformutils.html","level":4,"parentId":"Windows","tabIndex":2},"WindowsWindow":{"id":"WindowsWindow","title":"WindowsWindow","url":"windowswindow.html","level":4,"parentId":"Windows","tabIndex":3},"OpenGL":{"id":"OpenGL","title":"OpenGL","url":"opengl.html","level":3,"parentId":"Platform","pages":["OpenGLFramebufferUtils","OpenGLBuffer","OpenGLContext","OpenGLFramebuffer","OpenGLRendererAPI","OpenGLShader","OpenGLTexture","OpenGLTextureUtils","OpenGLUniformBuffer","OpenGLVertexArray"],"tabIndex":1},"OpenGLFramebufferUtils":{"id":"OpenGLFramebufferUtils","title":"OpenGLFramebufferUtils","url":"openglframebufferutils.html","level":4,"parentId":"OpenGL","tabIndex":0},"OpenGLBuffer":{"id":"OpenGLBuffer","title":"OpenGLBuffer","url":"openglbuffer.html","level":4,"parentId":"OpenGL","tabIndex":1},"OpenGLContext":{"id":"OpenGLContext","title":"OpenGLContext","url":"openglcontext.html","level":4,"parentId":"OpenGL","tabIndex":2},"OpenGLFramebuffer":{"id":"OpenGLFramebuffer","title":"OpenGLFramebuffer","url":"openglframebuffer.html","level":4,"parentId":"OpenGL","tabIndex":3},"OpenGLRendererAPI":{"id":"OpenGLRendererAPI","title":"OpenGLRendererAPI","url":"openglrendererapi.html","level":4,"parentId":"OpenGL","tabIndex":4},"OpenGLShader":{"id":"OpenGLShader","title":"OpenGLShader","url":"openglshader.html","level":4,"parentId":"OpenGL","tabIndex":5},"OpenGLTexture":{"id":"OpenGLTexture","title":"OpenGLTexture","url":"opengltexture.html","level":4,"parentId":"OpenGL","tabIndex":6},"OpenGLTextureUtils":{"id":"OpenGLTextureUtils","title":"OpenGLTextureUtils","url":"opengltextureutils.html","level":4,"parentId":"OpenGL","tabIndex":7},"OpenGLUniformBuffer":{"id":"OpenGLUniformBuffer","title":"OpenGLUniformBuffer","url":"opengluniformbuffer.html","level":4,"parentId":"OpenGL","tabIndex":8},"OpenGLVertexArray":{"id":"OpenGLVertexArray","title":"OpenGLVertexArray","url":"openglvertexarray.html","level":4,"parentId":"OpenGL","tabIndex":9},"Utils":{"id":"Utils","title":"Utils","url":"utils.html","level":2,"parentId":"Game-Engine","tabIndex":3},"Systems":{"id":"Systems","title":"Default Systems","url":"systems.html","level":2,"parentId":"Game-Engine","pages":["ScriptSystem","MovingSystem","GravitySystem","CollisionSystem"],"tabIndex":4},"ScriptSystem":{"id":"ScriptSystem","title":"ScriptSystem","url":"scriptsystem.html","level":3,"parentId":"Systems","tabIndex":0},"MovingSystem":{"id":"MovingSystem","title":"MovingSystem","url":"movingsystem.html","level":3,"parentId":"Systems","tabIndex":1},"GravitySystem":{"id":"GravitySystem","title":"GravitySystem","url":"gravitysystem.html","level":3,"parentId":"Systems","tabIndex":2},"CollisionSystem":{"id":"CollisionSystem","title":"CollisionSystem","url":"collisionsystem.html","level":3,"parentId":"Systems","tabIndex":3},"Components":{"id":"Components","title":"Default Components","url":"components.html","level":2,"parentId":"Game-Engine","pages":["TagComponent","CircleRenderer","ScriptComponent","TransformComponent","RigidBody2D","SpriteRendererComponent","ParentComponent","IDComponent","CircleCollider2DComponent","BoxCollider2DComponent","CameraComponent","ChildrenComponent"],"tabIndex":5},"TagComponent":{"id":"TagComponent","title":"TagComponent","url":"tagcomponent.html","level":3,"parentId":"Components","tabIndex":0},"CircleRenderer":{"id":"CircleRenderer","title":"CircleRenderer","url":"circlerenderer.html","level":3,"parentId":"Components","tabIndex":1},"ScriptComponent":{"id":"ScriptComponent","title":"ScriptComponent","url":"scriptcomponent.html","level":3,"parentId":"Components","tabIndex":2},"TransformComponent":{"id":"TransformComponent","title":"TransformComponent","url":"transformcomponent.html","level":3,"parentId":"Components","tabIndex":3},"RigidBody2D":{"id":"RigidBody2D","title":"RigidBody2D","url":"rigidbody2d.html","level":3,"parentId":"Components","tabIndex":4},"SpriteRendererComponent":{"id":"SpriteRendererComponent","title":"SpriteRendererComponent","url":"spriterenderercomponent.html","level":3,"parentId":"Components","tabIndex":5},"ParentComponent":{"id":"ParentComponent","title":"ParentComponent","url":"parentcomponent.html","level":3,"parentId":"Components","tabIndex":6},"IDComponent":{"id":"IDComponent","title":"IDComponent","url":"idcomponent.html","level":3,"parentId":"Components","tabIndex":7},"CircleCollider2DComponent":{"id":"CircleCollider2DComponent","title":"CircleCollider2DComponent","url":"circlecollider2dcomponent.html","level":3,"parentId":"Components","tabIndex":8},"BoxCollider2DComponent":{"id":"BoxCollider2DComponent","title":"BoxCollider2DComponent","url":"boxcollider2dcomponent.html","level":3,"parentId":"Components","tabIndex":9},"CameraComponent":{"id":"CameraComponent","title":"CameraComponent","url":"cameracomponent.html","level":3,"parentId":"Components","tabIndex":10},"ChildrenComponent":{"id":"ChildrenComponent","title":"ChildrenComponent","url":"childrencomponent.html","level":3,"parentId":"Components","tabIndex":11}}},"topLevelIds":["Home"]}